{"v":"5.7.3","fr":60,"ip":32,"op":301,"w":1080,"h":1080,"nm":"MC","ddd":0,"assets":[{"id":"comp_0","layers":[{"ddd":0,"ind":1,"ty":3,"nm":"Null 1","sr":1,"ks":{"o":{"a":0,"k":0,"ix":11},"r":{"a":0,"k":0,"ix":10},"p":{"a":0,"k":[960,540,0],"ix":2},"a":{"a":0,"k":[0,0,0],"ix":1},"s":{"a":0,"k":[169,169,100],"ix":6}},"ao":0,"ip":0,"op":424,"st":0,"bm":0},{"ddd":0,"ind":2,"ty":0,"nm":"wave02","refId":"comp_1","sr":1,"ks":{"o":{"a":0,"k":100,"ix":11},"r":{"a":0,"k":0,"ix":10},"p":{"a":1,"k":[{"i":{"x":0.833,"y":0.833},"o":{"x":0.333,"y":0},"t":0,"s":[960,1620,0],"to":[0,-193.333,0],"ti":[0,193.333,0]},{"t":227,"s":[960,460,0]}],"ix":2},"a":{"a":0,"k":[960,540,0],"ix":1},"s":{"a":0,"k":[116,116,100],"ix":6}},"ao":0,"w":1920,"h":1080,"ip":0,"op":424,"st":0,"bm":0},{"ddd":0,"ind":3,"ty":0,"nm":"wave04","refId":"comp_2","sr":1,"ks":{"o":{"a":0,"k":100,"ix":11},"r":{"a":0,"k":0,"ix":10},"p":{"a":1,"k":[{"i":{"x":0.833,"y":0.833},"o":{"x":0.333,"y":0},"t":0,"s":[960,1620,0],"to":[0,-193.333,0],"ti":[0,193.333,0]},{"t":227,"s":[960,460,0]}],"ix":2},"a":{"a":0,"k":[960,540,0],"ix":1},"s":{"a":0,"k":[116,116,100],"ix":6}},"ao":0,"ef":[{"ty":5,"nm":"Gradient Ramp","np":10,"mn":"ADBE Ramp","ix":1,"en":1,"ef":[{"ty":3,"nm":"Start of Ramp","mn":"ADBE Ramp-0001","ix":1,"v":{"a":0,"k":[960,0],"ix":1}},{"ty":2,"nm":"Start Color","mn":"ADBE Ramp-0002","ix":2,"v":{"a":0,"k":[0.810698866844,0.12878985703,0.871895611286,1],"ix":2}},{"ty":3,"nm":"End of Ramp","mn":"ADBE Ramp-0003","ix":3,"v":{"a":0,"k":[960,1080],"ix":3}},{"ty":2,"nm":"End Color","mn":"ADBE Ramp-0004","ix":4,"v":{"a":0,"k":[1,0.986928164959,0.986928164959,1],"ix":4}},{"ty":7,"nm":"Ramp Shape","mn":"ADBE Ramp-0005","ix":5,"v":{"a":0,"k":1,"ix":5}},{"ty":0,"nm":"Ramp Scatter","mn":"ADBE Ramp-0006","ix":6,"v":{"a":0,"k":0,"ix":6}},{"ty":0,"nm":"Blend With Original","mn":"ADBE Ramp-0007","ix":7,"v":{"a":0,"k":0,"ix":7}},{"ty":6,"nm":"","mn":"ADBE Ramp-0008","ix":8,"v":0}]}],"w":1920,"h":1080,"ip":0,"op":424,"st":0,"bm":0},{"ddd":0,"ind":4,"ty":0,"nm":"wave03","refId":"comp_3","sr":1,"ks":{"o":{"a":0,"k":100,"ix":11},"r":{"a":0,"k":0,"ix":10},"p":{"a":1,"k":[{"i":{"x":0.833,"y":0.833},"o":{"x":0.333,"y":0},"t":0,"s":[960,1620,0],"to":[0,-193.333,0],"ti":[0,193.333,0]},{"t":227,"s":[960,460,0]}],"ix":2},"a":{"a":0,"k":[960,540,0],"ix":1},"s":{"a":0,"k":[116,116,100],"ix":6}},"ao":0,"w":1920,"h":1080,"ip":0,"op":424,"st":0,"bm":0},{"ddd":0,"ind":6,"ty":1,"nm":"bg","sr":1,"ks":{"o":{"a":0,"k":100,"ix":11},"r":{"a":0,"k":0,"ix":10},"p":{"a":0,"k":[960,540,0],"ix":2},"a":{"a":0,"k":[960,540,0],"ix":1},"s":{"a":0,"k":[100,100,100],"ix":6}},"ao":0,"sw":1920,"sh":1080,"sc":"rgba(0,10,122,0.5)","ip":0,"op":424,"st":0,"bm":0}]},{"id":"comp_1","layers":[{"ddd":0,"ind":1,"ty":4,"nm":"water","sr":1,"ks":{"o":{"a":0,"k":63,"ix":11},"r":{"a":0,"k":0,"ix":10},"p":{"a":1,"k":[{"i":{"x":0.833,"y":0.833},"o":{"x":0.333,"y":0},"t":0,"s":[-3109.6,705.07,0],"to":[1752,-40,0],"ti":[-1752,40,0]},{"t":227,"s":[7402.4,465.07,0]}],"ix":2},"a":{"a":0,"k":[0,0,0],"ix":1},"s":{"a":0,"k":[181,181,100],"ix":6}},"ao":0,"shapes":[{"ty":"gr","it":[{"ind":0,"ty":"sh","ix":1,"ks":{"a":0,"k":{"i":[[0,0],[0,0],[0,0],[0,0],[-267.334,13.961],[-386.024,2.075],[-387.882,-60.547],[-561.726,14.756],[-439.996,11.5],[-654.107,25.214],[-426.676,-4.654]],"o":[[0,0],[0,0],[0,0],[0,0],[231.29,-12.079],[720.469,-3.872],[287.741,44.916],[513.957,-13.501],[196.864,-5.145],[474.188,-18.279],[312.228,3.406]],"v":[[3122.657,-403.154],[3032.719,342.805],[-4858.624,366.136],[-4890.188,-284.814],[-4484.46,-263.518],[-3532.053,-171.856],[-2202.288,-282.386],[-1005.658,-163.965],[156.221,-295.452],[1307.92,-312.023],[2380.712,-276.665]],"c":true},"ix":2},"nm":"Path 1","mn":"ADBE Vector Shape - Group","hd":false},{"ty":"st","c":{"a":0,"k":[0,0,0,1],"ix":3},"o":{"a":0,"k":100,"ix":4},"w":{"a":0,"k":0,"ix":5},"lc":1,"lj":1,"ml":4,"bm":0,"nm":"Stroke 1","mn":"ADBE Vector Graphic - Stroke","hd":false},{"ty":"gf","o":{"a":0,"k":100,"ix":10},"r":1,"bm":0,"g":{"p":3,"k":{"a":0,"k":[0,0.339,0.717,1,0.495,0.175,0.359,0.763,0.99,0.012,0,0.527],"ix":9}},"s":{"a":0,"k":[-1706,-427],"ix":5},"e":{"a":0,"k":[-1710,-142],"ix":6},"t":1,"nm":"Gradient Fill 1","mn":"ADBE Vector Graphic - G-Fill","hd":false},{"ty":"tr","p":{"a":0,"k":[3.5,-11.5],"ix":2},"a":{"a":0,"k":[0,0],"ix":1},"s":{"a":0,"k":[100,100],"ix":3},"r":{"a":0,"k":0,"ix":6},"o":{"a":0,"k":100,"ix":7},"sk":{"a":0,"k":0,"ix":4},"sa":{"a":0,"k":0,"ix":5},"nm":"Transform"}],"nm":"Rectangle 1","np":3,"cix":2,"bm":0,"ix":1,"mn":"ADBE Vector Group","hd":false}],"ip":0,"op":424,"st":0,"bm":0}]},{"id":"comp_2","layers":[{"ddd":0,"ind":1,"ty":4,"nm":"water","sr":1,"ks":{"o":{"a":0,"k":63,"ix":11},"r":{"a":0,"k":0,"ix":10},"p":{"a":1,"k":[{"i":{"x":0.833,"y":0.833},"o":{"x":0.333,"y":0},"t":0,"s":[-3109.6,665.07,0],"to":[1512,-13.333,0],"ti":[-1512,13.333,0]},{"t":227,"s":[5962.4,585.07,0]}],"ix":2},"a":{"a":0,"k":[0,0,0],"ix":1},"s":{"a":0,"k":[169,169,100],"ix":6}},"ao":0,"shapes":[{"ty":"gr","it":[{"ind":0,"ty":"sh","ix":1,"ks":{"a":0,"k":{"i":[[0,0],[0,0],[0,0],[0,0],[-267.334,13.961],[-514.373,15.366],[-276.818,-2.951],[-356.676,20.338],[-192.117,-4.298],[-435.317,65.022],[-444.201,36.5],[-421.576,-65.955]],"o":[[0,0],[0,0],[0,0],[0,0],[119.969,-6.265],[147.306,-4.4],[308.969,3.294],[316.551,-18.05],[514.005,11.5],[641.417,-95.807],[472.947,-38.862],[778.87,121.852]],"v":[[3191.299,-483.627],[3032.719,342.805],[-4858.624,366.136],[-4888.624,-488.364],[-4895.032,-465.76],[-3631.042,-236.271],[-2730.72,-321.387],[-1656.778,-235.801],[-826.579,-298.876],[240.625,-262.316],[1317.387,-174.745],[2394.911,-177.257]],"c":true},"ix":2},"nm":"Path 1","mn":"ADBE Vector Shape - Group","hd":false},{"ty":"st","c":{"a":0,"k":[0,0,0,1],"ix":3},"o":{"a":0,"k":100,"ix":4},"w":{"a":0,"k":0,"ix":5},"lc":1,"lj":1,"ml":4,"bm":0,"nm":"Stroke 1","mn":"ADBE Vector Graphic - Stroke","hd":false},{"ty":"gf","o":{"a":0,"k":100,"ix":10},"r":1,"bm":0,"g":{"p":3,"k":{"a":0,"k":[0,0.332,0.212,0.827,0.5,0.336,0.465,0.914,1,0.339,0.717,1],"ix":9}},"s":{"a":0,"k":[-1706,-427],"ix":5},"e":{"a":0,"k":[-1710,-142],"ix":6},"t":1,"nm":"Gradient Fill 1","mn":"ADBE Vector Graphic - G-Fill","hd":false},{"ty":"tr","p":{"a":0,"k":[3.5,-11.5],"ix":2},"a":{"a":0,"k":[0,0],"ix":1},"s":{"a":0,"k":[100,100],"ix":3},"r":{"a":0,"k":0,"ix":6},"o":{"a":0,"k":100,"ix":7},"sk":{"a":0,"k":0,"ix":4},"sa":{"a":0,"k":0,"ix":5},"nm":"Transform"}],"nm":"Rectangle 1","np":3,"cix":2,"bm":0,"ix":1,"mn":"ADBE Vector Group","hd":false}],"ip":0,"op":424,"st":0,"bm":0}]},{"id":"comp_3","layers":[{"ddd":0,"ind":1,"ty":4,"nm":"water","sr":1,"ks":{"o":{"a":0,"k":63,"ix":11},"r":{"a":0,"k":0,"ix":10},"p":{"a":1,"k":[{"i":{"x":0.833,"y":0.833},"o":{"x":0.333,"y":0},"t":0,"s":[-3109.6,1345.07,0],"to":[1512,-20,0],"ti":[-1512,20,0]},{"t":227,"s":[5962.4,1225.07,0]}],"ix":2},"a":{"a":0,"k":[0,0,0],"ix":1},"s":{"a":0,"k":[169,169,100],"ix":6}},"ao":0,"shapes":[{"ty":"gr","it":[{"ind":0,"ty":"sh","ix":1,"ks":{"a":0,"k":{"i":[[0,0],[0,0],[0,0],[0,0],[-267.334,13.961],[-385.992,5.334],[-387.882,-60.547],[-321.535,-7.194],[-439.996,11.5],[-654.107,25.214],[-426.676,-4.654]],"o":[[0,0],[0,0],[0,0],[0,0],[231.29,-12.079],[245.646,-3.395],[570.504,89.054],[514.006,11.5],[196.864,-5.145],[474.188,-18.279],[312.228,3.406]],"v":[[3120.29,-341.615],[3032.719,342.805],[-4858.624,366.136],[-4888.624,-374.755],[-4445.327,-238.541],[-3546.743,-195.277],[-2208.755,-238.645],[-1013.562,-156.864],[221.69,-269.417],[1307.92,-312.023],[2293.137,-222.228]],"c":true},"ix":2},"nm":"Path 1","mn":"ADBE Vector Shape - Group","hd":false},{"ty":"st","c":{"a":0,"k":[0,0,0,1],"ix":3},"o":{"a":0,"k":100,"ix":4},"w":{"a":0,"k":0,"ix":5},"lc":1,"lj":1,"ml":4,"bm":0,"nm":"Stroke 1","mn":"ADBE Vector Graphic - Stroke","hd":false},{"ty":"gf","o":{"a":0,"k":100,"ix":10},"r":1,"bm":0,"g":{"p":3,"k":{"a":0,"k":[0,0,0.956,0.675,0.5,0.169,0.836,0.837,1,0.339,0.717,1],"ix":9}},"s":{"a":0,"k":[-1706,-427],"ix":5},"e":{"a":0,"k":[-1710,-142],"ix":6},"t":1,"nm":"Gradient Fill 1","mn":"ADBE Vector Graphic - G-Fill","hd":false},{"ty":"tr","p":{"a":0,"k":[3.5,-451.5],"ix":2},"a":{"a":0,"k":[0,0],"ix":1},"s":{"a":0,"k":[100,100],"ix":3},"r":{"a":0,"k":0,"ix":6},"o":{"a":0,"k":100,"ix":7},"sk":{"a":0,"k":0,"ix":4},"sa":{"a":0,"k":0,"ix":5},"nm":"Transform"}],"nm":"Rectangle 1","np":3,"cix":2,"bm":0,"ix":1,"mn":"ADBE Vector Group","hd":false}],"ip":0,"op":424,"st":0,"bm":0}]}],"layers":[{"ddd":0,"ind":3,"ty":0,"nm":"Wave Animation","refId":"comp_0","sr":1,"ks":{"o":{"a":0,"k":100,"ix":11},"r":{"a":0,"k":0,"ix":10},"p":{"a":0,"k":[540,540,0],"ix":2},"a":{"a":0,"k":[960,540,0],"ix":1},"s":{"a":0,"k":[100,100,100],"ix":6}},"ao":0,"w":1920,"h":1080,"ip":0,"op":424,"st":0,"bm":0}],"markers":[]}